<?xml version='1.0' encoding='utf-8' standalone='yes' ?>
<map>
    <string name="amzn-dtb-ad-aax-hostname">aax.amazon-adsystem.com</string>
    <string name="amzn-dtb-ad-sis-endpoint">aax-eu.amazon-adsystem.com/s/api3</string>
    <string name="amzn-dtb-ad-id">A63IBQFK1kE3ojrPaMVfSJQ</string>
    <long name="amzn-dtb-ad-sis-last-checkin" value="1754618646022" />
    <string name="amzn-dtb-ad-aax-video-hostname">aax.amazon-adsystem.com</string>
    <string name="amzn-dtb-privacy-location-mode">Compute</string>
    <float name="amzn-dtb-privacy-location-accuracy-in-meters" value="564.0" />
    <string name="amzn-dtb-pj-template">{&quot;att&quot;:&quot;att&quot;,&quot;autoRefresh&quot;:&quot;autoRefresh&quot;,&quot;mediationName&quot;:&quot;mediationName&quot;,&quot;cstm&quot;:{&quot;cturl&quot;:&quot;contentURL&quot;,&quot;contentLen&quot;:&quot;contentLen&quot;,&quot;impd&quot;:&quot;impDepth&quot;,&quot;sdur&quot;:&quot;sessDuration&quot;,&quot;ianb&quot;:&quot;inAppNativeBrowser&quot;},&quot;fwk&quot;:&quot;framework&quot;,&quot;omid&quot;:{&quot;omidpv&quot;:&quot;omidPartnerVersion&quot;,&quot;omidpn&quot;:&quot;omidPartnerName&quot;}}</string>
    <long name="amzn-dtb-ad-sis-last-ping" value="1754291334444" />
    <boolean name="amzn-dtb-oo" value="false" />
    <long name="amzn-dtb-ad-config-ttl" value="86400000" />
    <boolean name="amzn-dtb-adid-new" value="true" />
    <string name="amzn-dtb-idfa">c49f1757-5b33-46a3-b1c7-21d04fc99999</string>
    <string name="amzn-dtb-version_in_use">9.10.0</string>
    <long name="amzn-dtb-ad-config-last-checkin" value="1754618565951" />
    <boolean name="amzn-dtb-adid-changed" value="true" />
</map>
