<?xml version='1.0' encoding='utf-8' standalone='yes' ?>
<map>
    <long name="first_open_time" value="1750909730859" />
    <string name="gmp_app_id">1:916277156482:android:2a18964d839ee17a</string>
    <string name="app_instance_id">cce59119f2ce839660e5b859652786a8</string>
    <boolean name="has_been_opened" value="true" />
    <boolean name="app_backgrounded" value="true" />
    <boolean name="allow_remote_dynamite" value="true" />
    <long name="health_monitor:start" value="1754617199016" />
    <boolean name="use_service" value="true" />
    <boolean name="start_new_session" value="true" />
</map>
