<?xml version='1.0' encoding='utf-8' standalone='yes' ?>
<map>
    <int name="RETRY_TAP_COUNT" value="0" />
    <string name="freshchat_user_attribute">{&quot;appKey&quot;:&quot;MOBILITY&quot;,&quot;appVersion&quot;:&quot;Lattest Premium&quot;,&quot;autoRenewal&quot;:&quot;false&quot;,&quot;circle&quot;:&quot;UNKNOWN&quot;,&quot;deviceType&quot;:&quot;PHONE&quot;,&quot;email&quot;:&quot;syedumarpasha2580@gmail.com&quot;,&quot;fmfsi&quot;:&quot;false&quot;,&quot;gender&quot;:&quot;NA&quot;,&quot;ip&quot;:&quot;47.31.74.229&quot;,&quot;location&quot;:&quot;NA&quot;,&quot;name&quot;:&quot;Professor&quot;,&quot;os&quot;:&quot;ANDROID&quot;,&quot;planExpiry&quot;:&quot;Fri Nov 24 14:15:01 IST 2124&quot;,&quot;planIds&quot;:&quot;7011,6088,991191,99115,77081,4600351,77051,310021,1307&quot;,&quot;uid&quot;:&quot;regHw_6TFQb_ONu_A0&quot;}</string>
    <int name="previous_offers_count" value="0" />
    <long name="isShow" value="0" />
    <string name="key_device_id">efb179b14g77</string>
    <long name="isClick" value="0" />
    <boolean name="is_branch_init_triggered" value="true" />
    <string name="search_session_id_v2">39daf234-b12c-4306-84dd-fa642c6616c5-1737605213711</string>
    <int name="key_app_version" value="13024" />
    <boolean name="SHOW_LANG_CAROUSEL" value="false" />
    <boolean name="APP_ICON_UPGRADE" value="false" />
    <boolean name="offers_seen" value="true" />
    <string name="geo_location_response">{&quot;city&quot;:&quot;Ranchi&quot;,&quot;country&quot;:&quot;IN&quot;,&quot;countryCode&quot;:&quot;IN&quot;,&quot;ip&quot;:&quot;47.31.74.229&quot;,&quot;state&quot;:&quot;Jharkhand&quot;,&quot;stateCode&quot;:&quot;JH&quot;}</string>
    <int name="KEY_LOGIN_JOURNEY_VARIANT" value="1" />
    <int name="app_open_count" value="1" />
    <boolean name="key_app_pending_app_update" value="false" />
    <string name="key_app_session_id">regHw_6TFQb_ONu_A0-1754618641379-1338810144</string>
</map>
