<?xml version='1.0' encoding='utf-8' standalone='yes' ?>
<map>
    <set name="fire-installations/18.0.0 android-min-sdk/24 fire-rc/22.1.2 kotlin/2.0.0 fire-abt/21.1.1 fire-android/35 device-name/lineage_sweet android-installer/com.android.vending fire-core/21.0.0 fire-core-ktx/21.0.0 fire-fcm/24.1.1 fire-analytics/22.4.0 fire-perf/21.0.5 android-platform/ fire-sessions/2.1.2 fire-cls/19.4.4 android-target-sdk/35 device-model/sweetin device-brand/Xiaomi fire-transport/19.0.0">
        <string>2025-08-08</string>
    </set>
    <string name="last-used-date">2025-08-08</string>
    <long name="fire-count" value="1" />
    <long name="fire-global" value="1754618640669" />
</map>
