<?xml version='1.0' encoding='utf-8' standalone='yes' ?>
<map>
    <string name="last-used-date">2025-08-08</string>
    <long name="fire-count" value="1" />
    <long name="fire-global" value="1754617186450" />
    <set name="fire-cls/18.4.1 fire-fcm/23.0.8 device-brand/vivo fire-perf/20.1.1 fire-analytics/21.3.0 android-min-sdk/24 android-installer/ fire-core-ktx/unspecified device-name/79ed1019bd0cb5c9 fire-abt/21.0.2 fire-sessions/1.0.2 fire-core/20.3.3 fire-android/35 device-model/msm8916_32 fire-installations/17.1.3 fire-rc/21.1.2 android-platform/ fire-transport/18.1.8 android-target-sdk/33 kotlin/1.9.0">
        <string>2025-08-08</string>
    </set>
</map>
