<?xml version='1.0' encoding='utf-8' standalone='yes' ?>
<map>
    <string name="devId">56C3D7A01619DCCF2244CAD253B2103951D52564</string>
    <boolean name="valid" value="true" />
    <string name="regResource">GPXjyR</string>
    <string name="vName">2.55.1</string>
    <int name="envType" value="1" />
    <string name="appToken">5741754631321</string>
    <string name="appId">2882303761517546321</string>
    <string name="regId">t5RhkRCI5aNohL0Ku6EYRkAQ8SB5W8FqH+VEZzGPr6iz7unGH13VDVACA5sZCzdz</string>
    <string name="regSec">IwfD6azlaTkWWBxi7JAAAA==</string>
    <string name="appRegion">India</string>
</map>
