<?xml version='1.0' encoding='utf-8' standalone='yes' ?>
<map>
    <string name="bottom_nav_items">[{&quot;item&quot;:{&quot;appPackageId&quot;:{},&quot;fallbackDeeplink&quot;:{},&quot;id&quot;:&quot;home&quot;,&quot;img&quot;:&quot;https://image.airtel.tv/grandslam/content/2024_8_9/House.png&quot;,&quot;maxTileTitleLines&quot;:0,&quot;navigationType&quot;:&quot;Layout&quot;,&quot;redirectionDeeplink&quot;:{},&quot;redirectionValue&quot;:&quot;homepage2&quot;,&quot;selectedImg&quot;:&quot;https://image.airtel.tv/grandslam/content/2024_8_9/House_(1).png&quot;,&quot;selectedTitle&quot;:&quot;Home&quot;,&quot;selectedTitleColor&quot;:&quot;#FFFFFF&quot;,&quot;shouldShowBackButton&quot;:false,&quot;shouldShowHeaderView&quot;:false,&quot;showCtaText&quot;:true,&quot;titleColor&quot;:&quot;#666666&quot;,&quot;titleTxt&quot;:&quot;Home&quot;}},{&quot;item&quot;:{&quot;appPackageId&quot;:{},&quot;fallbackDeeplink&quot;:{},&quot;id&quot;:&quot;OTTs&quot;,&quot;img&quot;:&quot;https://image.airtel.tv/grandslam/content/2024_8_9/Stack.png&quot;,&quot;maxTileTitleLines&quot;:0,&quot;navigationType&quot;:&quot;Layout&quot;,&quot;redirectionDeeplink&quot;:{},&quot;redirectionValue&quot;:&quot;ExplorePC&quot;,&quot;selectedImg&quot;:&quot;https://image.airtel.tv/grandslam/content/2024_8_9/Group_1000005176.png&quot;,&quot;selectedTitle&quot;:&quot;OTTs&quot;,&quot;selectedTitleColor&quot;:&quot;#FFFFFF&quot;,&quot;shouldShowBackButton&quot;:false,&quot;shouldShowHeaderView&quot;:false,&quot;showCtaText&quot;:true,&quot;titleColor&quot;:&quot;#666666&quot;,&quot;titleTxt&quot;:&quot;OTTs&quot;}},{&quot;item&quot;:{&quot;appPackageId&quot;:{},&quot;fallbackDeeplink&quot;:{},&quot;id&quot;:&quot;Search&quot;,&quot;img&quot;:&quot;https://image.airtel.tv/grandslam/content/2024_8_9/MagnifyingGlass_(4).png&quot;,&quot;maxTileTitleLines&quot;:0,&quot;navigationType&quot;:&quot;Layout&quot;,&quot;redirectionDeeplink&quot;:{},&quot;redirectionValue&quot;:&quot;searchPage&quot;,&quot;selectedImg&quot;:&quot;https://image.airtel.tv/grandslam/content/2024_8_9/MagnifyingGlass_(5).png&quot;,&quot;selectedTitle&quot;:&quot;Search&quot;,&quot;selectedTitleColor&quot;:&quot;#FFFFFF&quot;,&quot;shouldShowBackButton&quot;:false,&quot;shouldShowHeaderView&quot;:false,&quot;showCtaText&quot;:true,&quot;titleColor&quot;:&quot;#666666&quot;,&quot;titleTxt&quot;:&quot;Search&quot;}},{&quot;item&quot;:{&quot;appPackageId&quot;:{},&quot;fallbackDeeplink&quot;:{},&quot;id&quot;:&quot;free&quot;,&quot;img&quot;:&quot;https://image.airtel.tv/grandslam/content/2025_01_22/Inactive%403x.png&quot;,&quot;maxTileTitleLines&quot;:0,&quot;navigationType&quot;:&quot;Layout&quot;,&quot;redirectionDeeplink&quot;:{},&quot;redirectionValue&quot;:&quot;freeAvod&quot;,&quot;selectedImg&quot;:&quot;https://image.airtel.tv/grandslam/content/2025_01_22/Active_new%403x.png&quot;,&quot;selectedTitle&quot;:&quot;Free&quot;,&quot;selectedTitleColor&quot;:&quot;#FFFFFF&quot;,&quot;shouldShowBackButton&quot;:false,&quot;shouldShowHeaderView&quot;:false,&quot;showCtaText&quot;:true,&quot;titleColor&quot;:&quot;#666666&quot;,&quot;titleTxt&quot;:&quot;Free&quot;}},{&quot;item&quot;:{&quot;appPackageId&quot;:{},&quot;fallbackDeeplink&quot;:{},&quot;id&quot;:&quot;MyPlans&quot;,&quot;img&quot;:&quot;https://image.airtel.tv/grandslam/content/2025_01_22/Premium%20icon%20%283%29.json&quot;,&quot;maxTileTitleLines&quot;:0,&quot;navigationType&quot;:&quot;Webview&quot;,&quot;redirectionDeeplink&quot;:{},&quot;redirectionValue&quot;:&quot;wynkpremiere://plansAndOffers?sourceIntent\u003dmyPlansBottom&quot;,&quot;selectedImg&quot;:&quot;https://image.airtel.tv/grandslam/content/2025_01_22/Premium%20icon%20%283%29.json&quot;,&quot;selectedTitle&quot;:&quot;My Plans&quot;,&quot;selectedTitleColor&quot;:&quot;#FFFFFF&quot;,&quot;shouldShowBackButton&quot;:false,&quot;shouldShowHeaderView&quot;:false,&quot;showCtaText&quot;:true,&quot;titleColor&quot;:&quot;#666666&quot;,&quot;titleTxt&quot;:&quot;My Plans&quot;}}]</string>
    <string name="key_black_listed_hosts_v1"></string>
    <set name="key_mwtv_similar_cps">
        <string>MWTV</string>
        <string>SONYLIV_LIVE</string>
    </set>
    <string name="key_language_map">{&quot;hi&quot;:{&quot;name&quot;:&quot;Hindi&quot;},&quot;kn&quot;:{&quot;name&quot;:&quot;Kannada&quot;},&quot;or&quot;:{&quot;name&quot;:&quot;Oriya&quot;},&quot;mr&quot;:{&quot;name&quot;:&quot;Marathi&quot;},&quot;bh&quot;:{&quot;name&quot;:&quot;Bhojpuri&quot;},&quot;en&quot;:{&quot;name&quot;:&quot;English&quot;},&quot;bn&quot;:{&quot;name&quot;:&quot;Bengali&quot;},&quot;fr&quot;:{&quot;name&quot;:&quot;French&quot;},&quot;ta&quot;:{&quot;name&quot;:&quot;Tamil&quot;},&quot;gu&quot;:{&quot;name&quot;:&quot;Gujarati&quot;},&quot;hv&quot;:{&quot;name&quot;:&quot;Haryanvi&quot;},&quot;es&quot;:{&quot;name&quot;:&quot;Spanish&quot;},&quot;ra&quot;:{&quot;name&quot;:&quot;Rajasthani&quot;},&quot;kor&quot;:{&quot;name&quot;:&quot;Korean&quot;},&quot;pa&quot;:{&quot;name&quot;:&quot;Punjabi&quot;},&quot;te&quot;:{&quot;name&quot;:&quot;Telugu&quot;},&quot;as&quot;:{&quot;name&quot;:&quot;Assamese&quot;},&quot;od&quot;:{&quot;name&quot;:&quot;Odia&quot;},&quot;ur&quot;:{&quot;name&quot;:&quot;Urdu&quot;},&quot;ml&quot;:{&quot;name&quot;:&quot;Malayalam&quot;}}</string>
    <string name="key_white_listed_hosts_v1">api.airtel.tv,webview.airtel.tv,pay.wynk.in,airtel.in,airtel.com,t.maze.co</string>
    <string name="navConfig_v6">{&quot;bottomTabs&quot;:[&quot;bottomTabHome&quot;,&quot;bottomTabChannels&quot;,&quot;bottomTabSearch&quot;,&quot;bottomTabAvod&quot;,&quot;bottomTabMyProfile&quot;],&quot;helpCenter&quot;:[&quot;chatWithUs&quot;,&quot;privacyPolicy&quot;,&quot;tnc&quot;,&quot;faq&quot;],&quot;navDrawerItems&quot;:[[&quot;plansAndOffers&quot;,&quot;dthAccountCard&quot;,&quot;settings&quot;,&quot;downloads&quot;,&quot;tvstick&quot;,&quot;helpAndFeedback&quot;,&quot;getWynkMusic&quot;]],&quot;profileOptions&quot;:[&quot;plansAndOffers&quot;,&quot;helpCenter&quot;,&quot;settings&quot;],&quot;settings&quot;:[&quot;download&quot;,&quot;languages&quot;,&quot;account&quot;,&quot;dthAccountDetails&quot;,&quot;tvstick&quot;,&quot;personaInterest&quot;,&quot;parentalControls&quot;],&quot;tabs&quot;:[&quot;featured&quot;,&quot;tvshows&quot;,&quot;movies&quot;,&quot;live_tv_noEpg&quot;]}</string>
    <set name="key_banner_companion_ad_blocked_cps">
        <string>SONYLIV_LIVE</string>
    </set>
    <string name="nav_menu_map_v6">{&quot;kids&quot;:{&quot;actionURL&quot;:&quot;wynkpremiere://SONYLIV/MOVIE/SONYLIV_MOVIE_5431265645001/q&quot;,&quot;iconResource&quot;:&quot;ic_bottomnav_tvshows_normal&quot;,&quot;iconUrl&quot;:&quot;https://image.airtel.tv/pages/rails/59ce1672e4b08402e4ab63a4/ic_bottomnav_tvshows_normal.png&quot;,&quot;id&quot;:&quot;5e79c1f2e4b06889f8d4a84c&quot;,&quot;isFloatingTab&quot;:false,&quot;requiresLogin&quot;:false,&quot;selectedIconResource&quot;:&quot;ic_bottomnav_tvshows_selected&quot;,&quot;selectedIconUrl&quot;:&quot;https://image.airtel.tv/pages/rails/59ce1672e4b08402e4ab63a4/ic_bottomnav_tvshows_selected.png&quot;,&quot;selectedXclusiveIconResource&quot;:&quot;ic_bottomnav_tvshows_selected_exclusive&quot;,&quot;sourceName&quot;:&quot;kids&quot;,&quot;title&quot;:&quot;Kids&quot;,&quot;title2&quot;:&quot;&quot;,&quot;xclusiveIconUrl&quot;:&quot;https://image.airtel.tv/pages/rails/59ce1672e4b08402e4ab63a4/ic_bottomnav_tvshows_selected_exclusive.png&quot;},&quot;tvshows&quot;:{&quot;actionURL&quot;:&quot;wynkpremiere://SONYLIV/MOVIE/SONYLIV_MOVIE_5431265645001/q&quot;,&quot;iconResource&quot;:&quot;ic_bottomnav_tvshows_normal&quot;,&quot;iconUrl&quot;:&quot;https://image.airtel.tv/pages/rails/59ce1672e4b08402e4ab63a4/ic_bottomnav_tvshows_normal.png&quot;,&quot;id&quot;:&quot;tvshows&quot;,&quot;isFloatingTab&quot;:false,&quot;requiresLogin&quot;:false,&quot;selectedIconResource&quot;:&quot;ic_bottomnav_tvshows_selected&quot;,&quot;selectedIconUrl&quot;:&quot;https://image.airtel.tv/pages/rails/59ce1672e4b08402e4ab63a4/ic_bottomnav_tvshows_selected.png&quot;,&quot;selectedXclusiveIconResource&quot;:&quot;ic_bottomnav_tvshows_selected_exclusive&quot;,&quot;sourceName&quot;:&quot;tv_shows&quot;,&quot;title&quot;:&quot;TV Shows&quot;,&quot;title2&quot;:&quot;&quot;,&quot;xclusiveIconUrl&quot;:&quot;https://image.airtel.tv/pages/rails/59ce1672e4b08402e4ab63a4/ic_bottomnav_tvshows_selected_exclusive.png&quot;},&quot;Channels&quot;:{&quot;actionURL&quot;:&quot;&quot;,&quot;iconResource&quot;:&quot;ic_bottomnav_tvshows_normal&quot;,&quot;iconUrl&quot;:&quot;https://image.airtel.tv/pages/rails/59ce1672e4b08402e4ab63a4/ic_bottomnav_tvshows_normal.png&quot;,&quot;id&quot;:&quot;ExplorePC&quot;,&quot;isFloatingTab&quot;:false,&quot;requiresLogin&quot;:false,&quot;selectedIconResource&quot;:&quot;ic_bottomnav_tvshows_selected&quot;,&quot;selectedIconUrl&quot;:&quot;https://image.airtel.tv/pages/rails/59ce1672e4b08402e4ab63a4/ic_bottomnav_tvshows_selected.png&quot;,&quot;selectedXclusiveIconResource&quot;:&quot;ic_bottomnav_tvshows_selected_exclusive&quot;,&quot;sourceName&quot;:&quot;Channels&quot;,&quot;title&quot;:&quot;Channels&quot;,&quot;title2&quot;:&quot;&quot;,&quot;xclusiveIconUrl&quot;:&quot;https://image.airtel.tv/pages/rails/59ce1672e4b08402e4ab63a4/ic_bottomnav_tvshows_selected_exclusive.png&quot;},&quot;xclusive&quot;:{&quot;actionURL&quot;:&quot;wynkpremiere://MWTV/live/MWTV_LIVETVCHANNEL_692/q&quot;,&quot;iconResource&quot;:&quot;ic_bottomnav_premium&quot;,&quot;iconUrl&quot;:&quot;https://image.airtel.tv/grandslam/content/2018_10_5/ic_bottomnav_premium.png&quot;,&quot;id&quot;:&quot;xclusive&quot;,&quot;isFloatingTab&quot;:true,&quot;requiresLogin&quot;:false,&quot;selectedIconResource&quot;:&quot;ic_bottomnav_premium_selected&quot;,&quot;selectedIconUrl&quot;:&quot;https://image.airtel.tv/grandslam/content/2018_10_23/ic_bottomnav_premium_selected.png&quot;,&quot;selectedXclusiveIconResource&quot;:&quot;ic_bottomnav_premium_selected_exclusive&quot;,&quot;sourceName&quot;:&quot;airtel_tv_premium&quot;,&quot;title&quot;:&quot;Premium&quot;,&quot;title2&quot;:&quot;&quot;,&quot;xclusiveIconUrl&quot;:&quot;https://image.airtel.tv/grandslam/content/2018_10_23/ic_bottomnav_premium_selected.png&quot;},&quot;featured&quot;:{&quot;actionURL&quot;:&quot;wynkpremiere://LANDING/live_tv/q&quot;,&quot;iconResource&quot;:&quot;ic_bottomnav_featured_normal&quot;,&quot;iconUrl&quot;:&quot;https://image.airtel.tv/pages/rails/59ce1672e4b08402e4ab63a4/ic_bottomnav_featured_normal.png&quot;,&quot;id&quot;:&quot;homepage2&quot;,&quot;isFloatingTab&quot;:false,&quot;requiresLogin&quot;:false,&quot;selectedIconResource&quot;:&quot;ic_bottomnav_featured_selected&quot;,&quot;selectedIconUrl&quot;:&quot;https://image.airtel.tv/pages/rails/59ce1672e4b08402e4ab63a4/ic_bottomnav_featured_selected.png&quot;,&quot;selectedXclusiveIconResource&quot;:&quot;ic_bottomnav_featured_selected_exclusive&quot;,&quot;sourceName&quot;:&quot;featured&quot;,&quot;title&quot;:&quot;Featured&quot;,&quot;title2&quot;:&quot;&quot;,&quot;xclusiveIconUrl&quot;:&quot;https://image.airtel.tv/pages/rails/59ce1672e4b08402e4ab63a4/ic_bottomnav_featured_selected_exclusive.png&quot;},&quot;personaInterest&quot;:{&quot;actionURL&quot;:&quot;&quot;,&quot;iconResource&quot;:&quot;personaInterest&quot;,&quot;iconUrl&quot;:&quot;&quot;,&quot;id&quot;:&quot;personaInterest&quot;,&quot;isFloatingTab&quot;:false,&quot;requiresLogin&quot;:true,&quot;selectedIconResource&quot;:&quot;personaInterest&quot;,&quot;selectedIconUrl&quot;:&quot;&quot;,&quot;sourceName&quot;:&quot;Persona Interest&quot;,&quot;title&quot;:&quot;Content Preference&quot;,&quot;title2&quot;:&quot;&quot;},&quot;election&quot;:{&quot;actionURL&quot;:&quot;&quot;,&quot;iconResource&quot;:&quot;ic_transparent_placeholder&quot;,&quot;iconUrl&quot;:&quot;https://image.airtel.tv/grandslam/content/2019_5_31/ic_news_unselectedxhdpi.png&quot;,&quot;id&quot;:&quot;5ca33327e4b05c78ea4c3b79&quot;,&quot;isFloatingTab&quot;:false,&quot;requiresLogin&quot;:false,&quot;selectedIconResource&quot;:&quot;ic_transparent_placeholder&quot;,&quot;selectedIconUrl&quot;:&quot;https://image.airtel.tv/grandslam/content/2019_5_31/ic_news_selectedxhdpi.png&quot;,&quot;selectedXclusiveIconResource&quot;:&quot;ic_transparent_placeholder&quot;,&quot;sourceName&quot;:&quot;news&quot;,&quot;title&quot;:&quot;News&quot;,&quot;title2&quot;:&quot;&quot;,&quot;xclusiveIconUrl&quot;:&quot;https://image.airtel.tv/grandslam/content/2019_5_31/ic_news_selected_premiumhdpi.png&quot;},&quot;live_tv_noEpg&quot;:{&quot;actionURL&quot;:&quot;wynkpremiere://LANDING/live_tv/q&quot;,&quot;iconResource&quot;:&quot;ic_bottomnav_featured_normal&quot;,&quot;iconUrl&quot;:&quot;https://image.airtel.tv/pages/rails/59ce1672e4b08402e4ab63a4/ic_bottomnav_featured_normal.png&quot;,&quot;id&quot;:&quot;liveTvChannels&quot;,&quot;isFloatingTab&quot;:false,&quot;requiresLogin&quot;:false,&quot;selectedIconResource&quot;:&quot;ic_bottomnav_featured_selected&quot;,&quot;selectedIconUrl&quot;:&quot;https://image.airtel.tv/pages/rails/59ce1672e4b08402e4ab63a4/ic_bottomnav_featured_selected.png&quot;,&quot;selectedXclusiveIconResource&quot;:&quot;ic_bottomnav_featured_selected_exclusive&quot;,&quot;sourceName&quot;:&quot;live_tv_noEpg&quot;,&quot;title&quot;:&quot;Live TV&quot;,&quot;title2&quot;:&quot;&quot;,&quot;xclusiveIconUrl&quot;:&quot;https://image.airtel.tv/pages/rails/59ce1672e4b08402e4ab63a4/ic_bottomnav_featured_selected_exclusive.png&quot;},&quot;plansAndOffers&quot;:{&quot;actionURL&quot;:&quot;wynkpremiere://MWTV/catchup/MWTV_LIVETVSHOW_169530000000550496567/q&quot;,&quot;iconResource&quot;:&quot;ic_percent&quot;,&quot;id&quot;:&quot;planAndOffers&quot;,&quot;isFloatingTab&quot;:false,&quot;requiresLogin&quot;:true,&quot;selectedIconResource&quot;:&quot;ic_percent&quot;,&quot;selectedXclusiveIconResource&quot;:&quot;&quot;,&quot;sourceName&quot;:&quot;ham_menu&quot;,&quot;title&quot;:&quot;Plans \u0026 Offers&quot;,&quot;title2&quot;:&quot;&quot;},&quot;downloads&quot;:{&quot;actionURL&quot;:&quot;&quot;,&quot;iconResource&quot;:&quot;ic_header_download&quot;,&quot;id&quot;:&quot;downloads&quot;,&quot;isFloatingTab&quot;:false,&quot;requiresLogin&quot;:true,&quot;selectedIconResource&quot;:&quot;ic_header_download&quot;,&quot;selectedXclusiveIconResource&quot;:&quot;&quot;,&quot;sourceName&quot;:&quot;ham_menu&quot;,&quot;title&quot;:&quot;Downloads&quot;,&quot;title2&quot;:&quot;Explore Downloads&quot;},&quot;helpCenter&quot;:{&quot;actionURL&quot;:&quot;&quot;,&quot;iconResource&quot;:&quot;ic_help_center&quot;,&quot;id&quot;:&quot;helpCenter&quot;,&quot;isFloatingTab&quot;:false,&quot;requiresLogin&quot;:false,&quot;selectedIconResource&quot;:&quot;ic_help_center&quot;,&quot;selectedXclusiveIconResource&quot;:&quot;&quot;,&quot;sourceName&quot;:&quot;ham_menu&quot;,&quot;title&quot;:&quot;Help Center&quot;,&quot;title2&quot;:&quot;&quot;},&quot;watchlist&quot;:{&quot;actionURL&quot;:&quot;wynkpremiere://MWTV/live/MWTV_LIVETVCHANNEL_692/q&quot;,&quot;iconResource&quot;:&quot;ic_drawer_watchlist&quot;,&quot;id&quot;:&quot;watchlist&quot;,&quot;isFloatingTab&quot;:false,&quot;requiresLogin&quot;:true,&quot;selectedIconResource&quot;:&quot;ic_drawer_watchlist&quot;,&quot;selectedXclusiveIconResource&quot;:&quot;&quot;,&quot;sourceName&quot;:&quot;ham_menu&quot;,&quot;title&quot;:&quot;Watchlist&quot;,&quot;title2&quot;:&quot;&quot;},&quot;myCollection&quot;:{&quot;actionURL&quot;:&quot;wynkpremiere://SONYLIV/MOVIE/SONYLIV_MOVIE_5431265645001/q&quot;,&quot;iconResource&quot;:&quot;ic_drawer_collection&quot;,&quot;id&quot;:&quot;mycollection&quot;,&quot;isFloatingTab&quot;:false,&quot;requiresLogin&quot;:true,&quot;selectedIconResource&quot;:&quot;ic_drawer_collection&quot;,&quot;selectedXclusiveIconResource&quot;:&quot;&quot;,&quot;sourceName&quot;:&quot;ham_menu&quot;,&quot;title&quot;:&quot;My Collection&quot;,&quot;title2&quot;:&quot;&quot;},&quot;settings&quot;:{&quot;actionURL&quot;:&quot;&quot;,&quot;iconResource&quot;:&quot;ic_drawer_settings&quot;,&quot;id&quot;:&quot;settings&quot;,&quot;isFloatingTab&quot;:false,&quot;requiresLogin&quot;:false,&quot;selectedIconResource&quot;:&quot;ic_drawer_settings&quot;,&quot;selectedXclusiveIconResource&quot;:&quot;&quot;,&quot;sourceName&quot;:&quot;ham_menu&quot;,&quot;title&quot;:&quot;Settings&quot;,&quot;title2&quot;:&quot;&quot;},&quot;helpAndFeedback&quot;:{&quot;actionURL&quot;:&quot;&quot;,&quot;iconResource&quot;:&quot;ic_drawer_help&quot;,&quot;id&quot;:&quot;helpAndFeedback&quot;,&quot;isFloatingTab&quot;:false,&quot;requiresLogin&quot;:false,&quot;selectedIconResource&quot;:&quot;ic_drawer_help&quot;,&quot;selectedXclusiveIconResource&quot;:&quot;&quot;,&quot;sourceName&quot;:&quot;ham_menu&quot;,&quot;title&quot;:&quot;Help \u0026 Feedback&quot;,&quot;title2&quot;:&quot;&quot;},&quot;getWynkMusic&quot;:{&quot;actionButtonText&quot;:&quot;Install Now&quot;,&quot;actionURL&quot;:&quot;https://wynk.onelink.me/3330602766/tvpromo3&quot;,&quot;iconResource&quot;:&quot;ic_wynk_music&quot;,&quot;id&quot;:&quot;getWynkMusic&quot;,&quot;isFloatingTab&quot;:false,&quot;requiresLogin&quot;:false,&quot;selectedIconResource&quot;:&quot;ic_wynk_music&quot;,&quot;selectedXclusiveIconResource&quot;:&quot;&quot;,&quot;sourceName&quot;:&quot;ham_menu&quot;,&quot;title&quot;:&quot;Get Wynk Music&quot;,&quot;title2&quot;:&quot;&quot;},&quot;exploreLanguages&quot;:{&quot;actionURL&quot;:&quot;&quot;,&quot;iconResource&quot;:&quot;ic_drawer_languages&quot;,&quot;iconUrl&quot;:&quot;&quot;,&quot;id&quot;:&quot;5c24af3be4b07bdc9d39799b&quot;,&quot;isFloatingTab&quot;:false,&quot;requiresLogin&quot;:false,&quot;selectedIconResource&quot;:&quot;ic_drawer_languages&quot;,&quot;selectedIconUrl&quot;:&quot;&quot;,&quot;selectedXclusiveIconResource&quot;:&quot;&quot;,&quot;sourceName&quot;:&quot;ham_menu&quot;,&quot;title&quot;:&quot;Explore Languages&quot;,&quot;title2&quot;:&quot;&quot;},&quot;exploreGenres&quot;:{&quot;actionURL&quot;:&quot;&quot;,&quot;iconResource&quot;:&quot;ic_drawer_genres&quot;,&quot;iconUrl&quot;:&quot;&quot;,&quot;id&quot;:&quot;5c24af44e4b07bdc9d39799c&quot;,&quot;isFloatingTab&quot;:false,&quot;requiresLogin&quot;:false,&quot;selectedIconResource&quot;:&quot;ic_drawer_genres&quot;,&quot;selectedIconUrl&quot;:&quot;&quot;,&quot;selectedXclusiveIconResource&quot;:&quot;&quot;,&quot;sourceName&quot;:&quot;ham_menu&quot;,&quot;title&quot;:&quot;Explore Genres&quot;,&quot;title2&quot;:&quot;&quot;},&quot;my_news&quot;:{&quot;actionURL&quot;:&quot;&quot;,&quot;iconResource&quot;:&quot;ic_logo_editorji&quot;,&quot;id&quot;:&quot;my_news&quot;,&quot;isFloatingTab&quot;:false,&quot;requiresLogin&quot;:false,&quot;selectedIconResource&quot;:&quot;ic_logo_editorji&quot;,&quot;selectedXclusiveIconResource&quot;:&quot;&quot;,&quot;sourceName&quot;:&quot;ham_menu&quot;,&quot;title&quot;:&quot;My News&quot;,&quot;title2&quot;:&quot;&quot;},&quot;movies&quot;:{&quot;actionURL&quot;:&quot;&quot;,&quot;iconResource&quot;:&quot;ic_bottomnav_movies_normal&quot;,&quot;iconUrl&quot;:&quot;https://image.airtel.tv/pages/rails/59ce1672e4b08402e4ab63a4/ic_bottomnav_movies_normal.png&quot;,&quot;id&quot;:&quot;movies&quot;,&quot;isFloatingTab&quot;:false,&quot;requiresLogin&quot;:false,&quot;selectedIconResource&quot;:&quot;ic_bottomnav_movies_selected&quot;,&quot;selectedIconUrl&quot;:&quot;https://image.airtel.tv/pages/rails/59ce1672e4b08402e4ab63a4/ic_bottomnav_movies_selected.png&quot;,&quot;selectedXclusiveIconResource&quot;:&quot;ic_bottomnav_movies_selected_exclusive&quot;,&quot;sourceName&quot;:&quot;movies&quot;,&quot;title&quot;:&quot;Movies&quot;,&quot;title2&quot;:&quot;&quot;,&quot;xclusiveIconUrl&quot;:&quot;https://image.airtel.tv/pages/rails/59ce1672e4b08402e4ab63a4/ic_bottomnav_movies_selected_exclusive.png&quot;},&quot;bottomTabSearch&quot;:{&quot;actionURL&quot;:&quot;&quot;,&quot;iconResource&quot;:&quot;ic_bottomnavigation_search&quot;,&quot;iconUrl&quot;:&quot;&quot;,&quot;id&quot;:&quot;searchPage&quot;,&quot;isFloatingTab&quot;:false,&quot;requiresLogin&quot;:false,&quot;selectedIconResource&quot;:&quot;ic_bottomnavigation_selected_search&quot;,&quot;selectedIconUrl&quot;:&quot;&quot;,&quot;sourceName&quot;:&quot;bottom_menu&quot;,&quot;title&quot;:&quot;Search&quot;,&quot;title2&quot;:&quot;&quot;},&quot;bottomTabHome&quot;:{&quot;actionURL&quot;:&quot;wynkpremiere://LANDING/featured&quot;,&quot;iconResource&quot;:&quot;ic_bottomnavigation_home&quot;,&quot;iconUrl&quot;:&quot;&quot;,&quot;id&quot;:&quot;bottomTabHome&quot;,&quot;isFloatingTab&quot;:false,&quot;requiresLogin&quot;:false,&quot;selectedIconResource&quot;:&quot;ic_bottomnavigation_selected_home&quot;,&quot;selectedIconUrl&quot;:&quot;&quot;,&quot;sourceName&quot;:&quot;bottom_menu&quot;,&quot;title&quot;:&quot;Home&quot;,&quot;title2&quot;:&quot;&quot;},&quot;bottomTabChannels&quot;:{&quot;actionURL&quot;:&quot;&quot;,&quot;iconResource&quot;:&quot;ic_bottomnavigation_channel&quot;,&quot;iconUrl&quot;:&quot;&quot;,&quot;id&quot;:&quot;ExplorePC&quot;,&quot;isFloatingTab&quot;:false,&quot;requiresLogin&quot;:false,&quot;selectedIconResource&quot;:&quot;ic_bottomnavigation_selected_channel&quot;,&quot;selectedIconUrl&quot;:&quot;&quot;,&quot;sourceName&quot;:&quot;bottom_menu&quot;,&quot;title&quot;:&quot;Channel&quot;,&quot;title2&quot;:&quot;&quot;},&quot;bottomTabYou&quot;:{&quot;actionURL&quot;:&quot;&quot;,&quot;iconResource&quot;:&quot;ic_bottomnavigation_you&quot;,&quot;iconUrl&quot;:&quot;&quot;,&quot;id&quot;:&quot;5cab227be4b042763fd458ab&quot;,&quot;isFloatingTab&quot;:false,&quot;requiresLogin&quot;:false,&quot;selectedIconResource&quot;:&quot;ic_bottomnavigation_selected_you&quot;,&quot;selectedIconUrl&quot;:&quot;&quot;,&quot;sourceName&quot;:&quot;you&quot;,&quot;title&quot;:&quot;You&quot;,&quot;title2&quot;:&quot;&quot;},&quot;bottomTabMore&quot;:{&quot;actionURL&quot;:&quot;&quot;,&quot;iconResource&quot;:&quot;ic_bottomnavigation_more&quot;,&quot;iconUrl&quot;:&quot;&quot;,&quot;id&quot;:&quot;bottomTabMore&quot;,&quot;isFloatingTab&quot;:false,&quot;requiresLogin&quot;:false,&quot;selectedIconResource&quot;:&quot;ic_bottomnavigation_selected_more&quot;,&quot;selectedIconUrl&quot;:&quot;&quot;,&quot;sourceName&quot;:&quot;bottom_menu&quot;,&quot;title&quot;:&quot;More&quot;,&quot;title2&quot;:&quot;&quot;},&quot;dthAccountCard&quot;:{&quot;actionURL&quot;:&quot;&quot;,&quot;iconResource&quot;:&quot;ic_drawer_help&quot;,&quot;id&quot;:&quot;dthAccountCard&quot;,&quot;isFloatingTab&quot;:false,&quot;requiresLogin&quot;:true,&quot;selectedIconResource&quot;:&quot;ic_drawer_help&quot;,&quot;selectedXclusiveIconResource&quot;:&quot;&quot;,&quot;sourceName&quot;:&quot;ham_menu&quot;,&quot;title&quot;:&quot;dthAccountCard&quot;,&quot;title2&quot;:&quot;&quot;},&quot;chatWithUs&quot;:{&quot;actionURL&quot;:&quot;&quot;,&quot;iconResource&quot;:&quot;ic_chat&quot;,&quot;id&quot;:&quot;chatWithUs&quot;,&quot;isFloatingTab&quot;:false,&quot;requiresLogin&quot;:false,&quot;selectedIconResource&quot;:&quot;ic_chat&quot;,&quot;selectedXclusiveIconResource&quot;:&quot;&quot;,&quot;sourceName&quot;:&quot;ham_menu&quot;,&quot;title&quot;:&quot;Chat with us&quot;,&quot;title2&quot;:&quot;&quot;},&quot;privacyPolicy&quot;:{&quot;actionURL&quot;:&quot;&quot;,&quot;iconResource&quot;:&quot;ic_privacy_policy&quot;,&quot;id&quot;:&quot;privacyPolicy&quot;,&quot;isFloatingTab&quot;:false,&quot;requiresLogin&quot;:false,&quot;selectedIconResource&quot;:&quot;ic_privacy_policy&quot;,&quot;selectedXclusiveIconResource&quot;:&quot;&quot;,&quot;sourceName&quot;:&quot;ham_menu&quot;,&quot;title&quot;:&quot;Privacy Policy&quot;,&quot;title2&quot;:&quot;&quot;},&quot;tnc&quot;:{&quot;actionURL&quot;:&quot;&quot;,&quot;iconResource&quot;:&quot;ic_tnc&quot;,&quot;id&quot;:&quot;tnc&quot;,&quot;isFloatingTab&quot;:false,&quot;requiresLogin&quot;:false,&quot;selectedIconResource&quot;:&quot;ic_tnc&quot;,&quot;selectedXclusiveIconResource&quot;:&quot;&quot;,&quot;sourceName&quot;:&quot;ham_menu&quot;,&quot;title&quot;:&quot;Terms \u0026 Conditions&quot;,&quot;title2&quot;:&quot;&quot;},&quot;download&quot;:{&quot;actionURL&quot;:&quot;&quot;,&quot;iconResource&quot;:&quot;ic_stream_downloads&quot;,&quot;id&quot;:&quot;download&quot;,&quot;isFloatingTab&quot;:false,&quot;requiresLogin&quot;:false,&quot;selectedIconResource&quot;:&quot;ic_stream_downloads&quot;,&quot;selectedXclusiveIconResource&quot;:&quot;&quot;,&quot;sourceName&quot;:&quot;ham_menu&quot;,&quot;title&quot;:&quot;Streaming \u0026 Downloading&quot;,&quot;title2&quot;:&quot;&quot;},&quot;tvstick&quot;:{&quot;actionURL&quot;:&quot;&quot;,&quot;iconResource&quot;:&quot;ic_stick&quot;,&quot;id&quot;:&quot;tvstick&quot;,&quot;isFloatingTab&quot;:false,&quot;requiresLogin&quot;:false,&quot;selectedIconResource&quot;:&quot;ic_stick&quot;,&quot;selectedXclusiveIconResource&quot;:&quot;&quot;,&quot;sourceName&quot;:&quot;ham_menu&quot;,&quot;title&quot;:&quot;Pair with Smart Stick&quot;,&quot;title2&quot;:&quot;&quot;},&quot;account&quot;:{&quot;actionURL&quot;:&quot;&quot;,&quot;iconResource&quot;:&quot;ic_account&quot;,&quot;id&quot;:&quot;account&quot;,&quot;isFloatingTab&quot;:false,&quot;requiresLogin&quot;:false,&quot;selectedIconResource&quot;:&quot;ic_account&quot;,&quot;selectedXclusiveIconResource&quot;:&quot;&quot;,&quot;sourceName&quot;:&quot;ham_menu&quot;,&quot;title&quot;:&quot;Account \u0026 Devices&quot;,&quot;title2&quot;:&quot;&quot;},&quot;dthAccountDetails&quot;:{&quot;actionURL&quot;:&quot;&quot;,&quot;iconResource&quot;:&quot;dth_svg&quot;,&quot;id&quot;:&quot;dthAccountDetails&quot;,&quot;isFloatingTab&quot;:false,&quot;requiresLogin&quot;:false,&quot;selectedIconResource&quot;:&quot;dth_svg&quot;,&quot;selectedXclusiveIconResource&quot;:&quot;&quot;,&quot;sourceName&quot;:&quot;ham_menu&quot;,&quot;title&quot;:&quot;DTH Account&quot;,&quot;title2&quot;:&quot;&quot;},&quot;faq&quot;:{&quot;actionURL&quot;:&quot;&quot;,&quot;iconResource&quot;:&quot;ic_drawer_help&quot;,&quot;id&quot;:&quot;faq&quot;,&quot;isFloatingTab&quot;:false,&quot;requiresLogin&quot;:false,&quot;selectedIconResource&quot;:&quot;ic_drawer_help&quot;,&quot;selectedXclusiveIconResource&quot;:&quot;&quot;,&quot;sourceName&quot;:&quot;ham_menu&quot;,&quot;title&quot;:&quot;FAQ&quot;,&quot;title2&quot;:&quot;&quot;},&quot;languages&quot;:{&quot;actionURL&quot;:&quot;&quot;,&quot;iconResource&quot;:&quot;ic_drawer_contentlanguages&quot;,&quot;id&quot;:&quot;languages&quot;,&quot;isFloatingTab&quot;:false,&quot;requiresLogin&quot;:true,&quot;selectedIconResource&quot;:&quot;ic_drawer_contentlanguages&quot;,&quot;selectedXclusiveIconResource&quot;:&quot;&quot;,&quot;sourceName&quot;:&quot;ham_menu&quot;,&quot;title&quot;:&quot;Language Preference&quot;,&quot;title2&quot;:&quot;&quot;},&quot;bottomTabMyProfile&quot;:{&quot;actionURL&quot;:&quot;&quot;,&quot;iconResource&quot;:&quot;profile_icon&quot;,&quot;iconUrl&quot;:&quot;&quot;,&quot;id&quot;:&quot;youPageV2&quot;,&quot;isFloatingTab&quot;:false,&quot;requiresLogin&quot;:false,&quot;selectedIconResource&quot;:&quot;profile_icon&quot;,&quot;selectedIconUrl&quot;:&quot;&quot;,&quot;sourceName&quot;:&quot;my_profile&quot;,&quot;title&quot;:&quot;My Profile&quot;,&quot;title2&quot;:&quot;&quot;},&quot;bottomTabAvod&quot;:{&quot;actionURL&quot;:&quot;&quot;,&quot;iconResource&quot;:&quot;avod_icon&quot;,&quot;iconUrl&quot;:&quot;&quot;,&quot;id&quot;:&quot;freeAvod&quot;,&quot;isFloatingTab&quot;:false,&quot;requiresLogin&quot;:false,&quot;selectedIconResource&quot;:&quot;avod_icon&quot;,&quot;selectedIconUrl&quot;:&quot;&quot;,&quot;sourceName&quot;:&quot;bottom_menu&quot;,&quot;title&quot;:&quot;Free&quot;,&quot;title2&quot;:&quot;&quot;},&quot;parentalControls&quot;:{&quot;actionURL&quot;:&quot;wynkpremiere://WEBVIEW/parentalcontrol/https%3A%2F%2Fapi.airtel.tv%2Fv4%2Fuser%2Fsub%2Fmanage%2Fredirection%3FappId%3DMOBILITY%26templateId%3DparentalControl/true/q&quot;,&quot;iconResource&quot;:&quot;ic_parentalcontrol&quot;,&quot;iconUrl&quot;:&quot;&quot;,&quot;id&quot;:&quot;parentalControls&quot;,&quot;isFloatingTab&quot;:false,&quot;requiresLogin&quot;:true,&quot;selectedIconResource&quot;:&quot;ic_parentalcontrol&quot;,&quot;selectedXclusiveIconResource&quot;:&quot;&quot;,&quot;sourceName&quot;:&quot;parentalControls&quot;,&quot;title&quot;:&quot;Parental Controls&quot;,&quot;title2&quot;:&quot;&quot;}}</string>
</map>
