<?xml version='1.0' encoding='utf-8' standalone='yes' ?>
<map>
    <int name="appVersion" value="13024" />
    <string name="user_session">{&quot;session_id&quot;:&quot;72a8d9c5-5821-45d2-9b14-658bb4d0c4d6&quot;,&quot;start_time&quot;:&quot;2025-08-08T02:02:42.069Z&quot;,&quot;last_interaction_time&quot;:1754618651607}</string>
    <long name="last_event_sync_time" value="1754618658519" />
    <long name="inapp_last_sync_time" value="1754618642" />
    <set name="sent_activity_list">
        <string>com.amazon.device.ads.DTBInterstitialActivity</string>
        <string>so.plotline.insights.PlotlineActivity</string>
        <string>com.freshchat.consumer.sdk.activity.InterstitialActivity</string>
        <string>so.plotline.insights.Activities.PlotlineActivity</string>
        <string>tv.airtel.companion.view.CompanionMainActivity</string>
        <string>com.freshchat.consumer.sdk.activity.FAQSearchActivity</string>
        <string>com.moengage.pushbase.activities.PushClickDialogTracker</string>
        <string>com.freshchat.consumer.sdk.activity.FAQCategoriesActivity</string>
        <string>tv.accedo.wynk.android.airtel.activity.VoucherWebViewActivity</string>
        <string>tv.accedo.wynk.android.airtel.activity.FirebaseKeySelectionActivity</string>
        <string>androidx.test.core.app.InstrumentationActivityInvoker$EmptyActivity</string>
        <string>tv.accedo.wynk.android.airtel.activity.AboutActivity</string>
        <string>tv.airtel.companion.view.ui.plans.WebViewActivity</string>
        <string>com.google.android.gms.ads.OutOfContextTestingActivity</string>
        <string>saschpe.android.customtabs.WebViewActivity</string>
        <string>com.freshchat.consumer.sdk.activity.DeeplinkInterstitialActivity</string>
        <string>com.freshchat.consumer.sdk.activity.ArticleListActivity</string>
        <string>tv.accedo.wynk.android.airtel.activity.AirtelmainActivity</string>
        <string>com.google.android.gms.ads.AdActivity</string>
        <string>com.freshchat.consumer.sdk.activity.FAQDetailsActivity</string>
        <string>com.google.android.tv.ads.controls.FallbackImageActivity</string>
        <string>tv.accedo.wynk.android.airtel.activity.GenericWebViewActivity</string>
        <string>com.freshchat.consumer.sdk.activity.FAQListActivity</string>
        <string>tv.accedo.wynk.android.airtel.activity.base.BaseFragmentActivity</string>
        <string>tv.accedo.airtel.wynk.presentation.view.activity.SplashActivity</string>
        <string>tv.accedo.wynk.android.airtel.activity.AirtelSignInActivity</string>
        <string>com.moe.pushlibrary.activities.MoEActivity</string>
        <string>tv.accedo.wynk.android.airtel.activity.dth.SelfCareWebView</string>
        <string>com.freshchat.consumer.sdk.activity.PictureAttachmentActivity</string>
        <string>com.chuckerteam.chucker.internal.ui.MainActivity</string>
        <string>com.google.android.play.core.common.PlayCoreDialogWrapperActivity</string>
        <string>com.erkutaras.showcaseview.ShowcaseActivity</string>
        <string>com.google.android.gms.ads.NotificationHandlerActivity</string>
        <string>tv.accedo.wynk.android.airtel.activity.AirtelVerifyPin</string>
        <string>tv.accedo.wynk.android.airtel.BasicWebViewActivity</string>
        <string>com.wynk.growth.notification.NotificationClickActivity</string>
        <string>com.chuckerteam.chucker.internal.ui.throwable.ThrowableActivity</string>
        <string>com.freshchat.consumer.sdk.activity.ChannelListActivity</string>
        <string>tv.accedo.wynk.android.airtel.activity.AirtelSignInActivityV2</string>
        <string>tv.accedo.wynk.android.airtel.activity.NewsChannelPreferenceActivity</string>
        <string>com.amazon.aps.ads.activity.ApsInterstitialActivity</string>
        <string>com.facebook.ads.AudienceNetworkActivity</string>
        <string>com.google.android.gms.common.api.GoogleApiActivity</string>
        <string>tv.accedo.wynk.android.airtel.activity.PeopleDetailActivity</string>
        <string>tv.accedo.wynk.android.airtel.activity.PlayerDetailActivity</string>
        <string>com.freshchat.consumer.sdk.activity.ConversationDetailActivity</string>
        <string>tv.accedo.airtel.wynk.presentation.modules.detail.PlaygroundActivity</string>
        <string>tv.accedo.wynk.android.airtel.activity.AirtelDeeplinkActivity</string>
        <string>androidx.test.core.app.InstrumentationActivityInvoker$EmptyFloatingActivity</string>
        <string>com.google.android.gms.auth.api.signin.internal.SignInHubActivity</string>
        <string>so.plotline.insights.FlowViews.FullPageDialog.FlowActivity</string>
        <string>com.moengage.pushbase.internal.activity.PermissionActivity</string>
        <string>tv.accedo.wynk.android.airtel.activity.PostPaymentActivity</string>
        <string>tv.airtel.remote.RemoteTvActivity</string>
        <string>com.wynk.growth.notification.PermissionActivity</string>
        <string>com.moengage.pushbase.activities.PushTracker</string>
        <string>tv.accedo.wynk.android.airtel.activity.DialogActivity</string>
        <string>com.android.billingclient.api.ProxyBillingActivity</string>
        <string>com.freshchat.consumer.sdk.activity.BotFaqDetailsActivity</string>
        <string>tv.accedo.wynk.android.airtel.activity.WebViewPlayerActivity</string>
        <string>com.freshchat.consumer.sdk.activity.ArticleDetailActivity</string>
        <string>com.freshchat.consumer.sdk.activity.CategoryListActivity</string>
        <string>com.airtel.ads.InterstitialActivity</string>
        <string>androidx.test.core.app.InstrumentationActivityInvoker$BootstrapActivity</string>
        <string>com.chuckerteam.chucker.internal.ui.transaction.TransactionActivity</string>
    </set>
    <string name="registration_id">dkORs0bwQAmfKS-KesV2p2:APA91bGDUfjJdP89xXwH5-V3h1YsCaP4ya1ZWkxHVEUzNeiQ3rN-lyhONHcV5Ywqq0fCV3ffMLvcpHDyRcVN2teVlsMWVW8DVokVm23HXJCMDrYoLper6vI</string>
    <long name="last_message_sync" value="1754618562613" />
    <boolean name="pref_installed" value="true" />
    <boolean name="is_device_registered" value="true" />
    <string name="push_service">MI_PUSH</string>
    <long name="last_config_sync_time" value="1754618562689" />
    <long name="inapp_api_sync_delay" value="900" />
    <boolean name="has_registered_for_verification" value="false" />
    <long name="inapp_html_assets_delete_time" value="1754618562" />
    <string name="mi_push_token">t5RhkRCI5aNohL0Ku6EYRkAQ8SB5W8FqH+VEZzGPr6iz7unGH13VDVACA5sZCzdz</string>
    <long name="in_app_global_delay" value="86400" />
    <string name="APP_UUID">0cd36d64-cb29-4200-928f-0e7103f1d46b</string>
    <string name="user_attribute_unique_id">regHw_6TFQb_ONu_A0</string>
</map>
