{"Fid":"dSiPULXTSTiL5AFdQ_06rl","Status":3,"AuthToken":"eyJhbGciOiJFUzI1NiIsInR5cCI6IkpXVCJ9.eyJhcHBJZCI6IjE6OTE2Mjc3MTU2NDgyOmFuZHJvaWQ6MmExODk2NGQ4MzllZTE3YSIsImV4cCI6MTc1NTIyMTk4NywiZmlkIjoiZFNpUFVMWFRTVGlMNUFGZFFfMDZybCIsInByb2plY3ROdW1iZXIiOjkxNjI3NzE1NjQ4Mn0.AB2LPV8wRQIhAPdQVJCh5r9MRxeDMjLpqjDDgIz4taw0qTR1MtJ_T0K8AiAMKw8ygA-vF-yvAMsH3OEFvvzFT6LxMQpabae70gyDpQ","RefreshToken":"3_AS3qfwL4z2ERiarCl0tyLTDzrg2Q3nqv9PnP_0xIxiznYrdr2r56EsPXJlArH32jScMTQ1WwGOLzuahmUBvxLv2hxjEWxoFCgNmP0-vqR1TnXY4","TokenCreationEpochInSecs":1754617187,"ExpiresInSecs":604800}